[
  {
    "model": "admin.logentry",
    "pk": 1,
    "fields": {
      "action_time": "2025-06-03T08:35:03.235Z",
      "user": 1,
      "content_type": 7,
      "object_id": "1",
      "object_repr": "Классика",
      "action_flag": 1,
      "change_message": "[{\"added\": {}}]"
    }
  },
  {
    "model": "admin.logentry",
    "pk": 2,
    "fields": {
      "action_time": "2025-06-03T08:35:10.087Z",
      "user": 1,
      "content_type": 7,
      "object_id": "2",
      "object_repr": "Детектив",
      "action_flag": 1,
      "change_message": "[{\"added\": {}}]"
    }
  },
  {
    "model": "admin.logentry",
    "pk": 3,
    "fields": {
      "action_time": "2025-06-03T08:35:14.046Z",
      "user": 1,
      "content_type": 7,
      "object_id": "3",
      "object_repr": "Новинки",
      "action_flag": 1,
      "change_message": "[{\"added\": {}}]"
    }
  },
  {
    "model": "admin.logentry",
    "pk": 4,
    "fields": {
      "action_time": "2025-06-03T08:36:09.871Z",
      "user": 1,
      "content_type": 6,
      "object_id": "1",
      "object_repr": "80 дней вокруг света | Жуль Верн | Классика",
      "action_flag": 1,
      "change_message": "[{\"added\": {}}]"
    }
  },
  {
    "model": "admin.logentry",
    "pk": 5,
    "fields": {
      "action_time": "2025-06-03T08:37:34.453Z",
      "user": 1,
      "content_type": 6,
      "object_id": "2",
      "object_repr": "Война и Мир | Лев Толстой | Классика",
      "action_flag": 1,
      "change_message": "[{\"added\": {}}]"
    }
  },
  {
    "model": "admin.logentry",
    "pk": 6,
    "fields": {
      "action_time": "2025-06-03T08:38:37.526Z",
      "user": 1,
      "content_type": 6,
      "object_id": "3",
      "object_repr": "Унесенные ветром | Маргарет Миттчер | Детектив",
      "action_flag": 1,
      "change_message": "[{\"added\": {}}]"
    }
  },
  {
    "model": "admin.logentry",
    "pk": 7,
    "fields": {
      "action_time": "2025-06-03T11:55:07.136Z",
      "user": 1,
      "content_type": 7,
      "object_id": "3",
      "object_repr": "Новинки",
      "action_flag": 3,
      "change_message": ""
    }
  },
  {
    "model": "admin.logentry",
    "pk": 8,
    "fields": {
      "action_time": "2025-06-03T11:55:07.136Z",
      "user": 1,
      "content_type": 7,
      "object_id": "2",
      "object_repr": "Детектив",
      "action_flag": 3,
      "change_message": ""
    }
  },
  {
    "model": "admin.logentry",
    "pk": 9,
    "fields": {
      "action_time": "2025-06-03T11:55:07.136Z",
      "user": 1,
      "content_type": 7,
      "object_id": "1",
      "object_repr": "Классика",
      "action_flag": 3,
      "change_message": ""
    }
  },
  {
    "model": "admin.logentry",
    "pk": 10,
    "fields": {
      "action_time": "2025-06-03T11:55:32.365Z",
      "user": 1,
      "content_type": 7,
      "object_id": "4",
      "object_repr": "Фантастика",
      "action_flag": 1,
      "change_message": "[{\"added\": {}}]"
    }
  },
  {
    "model": "admin.logentry",
    "pk": 11,
    "fields": {
      "action_time": "2025-06-03T11:55:35.906Z",
      "user": 1,
      "content_type": 7,
      "object_id": "5",
      "object_repr": "Детективы",
      "action_flag": 1,
      "change_message": "[{\"added\": {}}]"
    }
  },
  {
    "model": "admin.logentry",
    "pk": 12,
    "fields": {
      "action_time": "2025-06-03T11:55:38.832Z",
      "user": 1,
      "content_type": 7,
      "object_id": "6",
      "object_repr": "Классика",
      "action_flag": 1,
      "change_message": "[{\"added\": {}}]"
    }
  },
  {
    "model": "admin.logentry",
    "pk": 13,
    "fields": {
      "action_time": "2025-06-03T11:55:43.764Z",
      "user": 1,
      "content_type": 7,
      "object_id": "7",
      "object_repr": "Современная проза",
      "action_flag": 1,
      "change_message": "[{\"added\": {}}]"
    }
  },
  {
    "model": "admin.logentry",
    "pk": 14,
    "fields": {
      "action_time": "2025-06-03T11:55:47.156Z",
      "user": 1,
      "content_type": 7,
      "object_id": "8",
      "object_repr": "Научно-популярная",
      "action_flag": 1,
      "change_message": "[{\"added\": {}}]"
    }
  },
  {
    "model": "admin.logentry",
    "pk": 15,
    "fields": {
      "action_time": "2025-06-03T11:55:50.819Z",
      "user": 1,
      "content_type": 7,
      "object_id": "9",
      "object_repr": "Детская литература",
      "action_flag": 1,
      "change_message": "[{\"added\": {}}]"
    }
  },
  {
    "model": "admin.logentry",
    "pk": 16,
    "fields": {
      "action_time": "2025-06-03T12:00:23.432Z",
      "user": 1,
      "content_type": 6,
      "object_id": "4",
      "object_repr": "Дюна | Фрэнк Герберт | Фантастика",
      "action_flag": 1,
      "change_message": "[{\"added\": {}}]"
    }
  },
  {
    "model": "admin.logentry",
    "pk": 17,
    "fields": {
      "action_time": "2025-06-03T12:01:01.184Z",
      "user": 1,
      "content_type": 6,
      "object_id": "5",
      "object_repr": "1984 | Джордж Оруэлл | Фантастика",
      "action_flag": 1,
      "change_message": "[{\"added\": {}}]"
    }
  },
  {
    "model": "admin.logentry",
    "pk": 18,
    "fields": {
      "action_time": "2025-06-03T12:02:23.871Z",
      "user": 1,
      "content_type": 6,
      "object_id": "6",
      "object_repr": "Автостопом по галактике | Дуглас Адамс | Фантастика",
      "action_flag": 1,
      "change_message": "[{\"added\": {}}]"
    }
  },
  {
    "model": "admin.logentry",
    "pk": 19,
    "fields": {
      "action_time": "2025-06-03T12:03:04.602Z",
      "user": 1,
      "content_type": 6,
      "object_id": "7",
      "object_repr": "Убийство в Восточном экспрессе | Агата Кристи | Детективы",
      "action_flag": 1,
      "change_message": "[{\"added\": {}}]"
    }
  },
  {
    "model": "admin.logentry",
    "pk": 20,
    "fields": {
      "action_time": "2025-06-03T12:03:47.603Z",
      "user": 1,
      "content_type": 6,
      "object_id": "8",
      "object_repr": "Шерлок Холмс: Этюд в багровых тонах | Артур Конан Дойл | Детективы",
      "action_flag": 1,
      "change_message": "[{\"added\": {}}]"
    }
  },
  {
    "model": "admin.logentry",
    "pk": 21,
    "fields": {
      "action_time": "2025-06-03T12:04:20.604Z",
      "user": 1,
      "content_type": 6,
      "object_id": "9",
      "object_repr": "Девушка с татуировкой дракона | Стиг Ларссон | Детективы",
      "action_flag": 1,
      "change_message": "[{\"added\": {}}]"
    }
  },
  {
    "model": "admin.logentry",
    "pk": 22,
    "fields": {
      "action_time": "2025-06-03T12:04:47.379Z",
      "user": 1,
      "content_type": 6,
      "object_id": "10",
      "object_repr": "Гордость и предубеждение | Джейн Остин | Классика",
      "action_flag": 1,
      "change_message": "[{\"added\": {}}]"
    }
  },
  {
    "model": "admin.logentry",
    "pk": 23,
    "fields": {
      "action_time": "2025-06-03T12:05:15.011Z",
      "user": 1,
      "content_type": 6,
      "object_id": "11",
      "object_repr": "Преступление и наказание | Фёдор Достоевский | Классика",
      "action_flag": 1,
      "change_message": "[{\"added\": {}}]"
    }
  },
  {
    "model": "admin.logentry",
    "pk": 24,
    "fields": {
      "action_time": "2025-06-03T12:05:46.313Z",
      "user": 1,
      "content_type": 6,
      "object_id": "12",
      "object_repr": "Великий Гэтсби | Фрэнсис Скотт Фицджеральд | Классика",
      "action_flag": 1,
      "change_message": "[{\"added\": {}}]"
    }
  },
  {
    "model": "admin.logentry",
    "pk": 25,
    "fields": {
      "action_time": "2025-06-03T12:06:16.663Z",
      "user": 1,
      "content_type": 6,
      "object_id": "13",
      "object_repr": "Маленькая жизнь | Ханья Янагихара | Современная проза",
      "action_flag": 1,
      "change_message": "[{\"added\": {}}]"
    }
  },
  {
    "model": "admin.logentry",
    "pk": 26,
    "fields": {
      "action_time": "2025-06-03T12:06:46.972Z",
      "user": 1,
      "content_type": 6,
      "object_id": "14",
      "object_repr": "Нормальные люди | Салли Руни | Современная проза",
      "action_flag": 1,
      "change_message": "[{\"added\": {}}]"
    }
  },
  {
    "model": "admin.logentry",
    "pk": 27,
    "fields": {
      "action_time": "2025-06-03T12:07:15.173Z",
      "user": 1,
      "content_type": 6,
      "object_id": "15",
      "object_repr": "Где раки поют | Делия Оуэнс | Современная проза",
      "action_flag": 1,
      "change_message": "[{\"added\": {}}]"
    }
  },
  {
    "model": "admin.logentry",
    "pk": 28,
    "fields": {
      "action_time": "2025-06-03T12:07:47.609Z",
      "user": 1,
      "content_type": 6,
      "object_id": "16",
      "object_repr": "Краткая история времени | Стивен Хокинг | Научно-популярная",
      "action_flag": 1,
      "change_message": "[{\"added\": {}}]"
    }
  },
  {
    "model": "admin.logentry",
    "pk": 29,
    "fields": {
      "action_time": "2025-06-03T12:08:22.917Z",
      "user": 1,
      "content_type": 6,
      "object_id": "17",
      "object_repr": "Сапиенс: Краткая история человечества | Юваль Ной Харари | Научно-популярная",
      "action_flag": 1,
      "change_message": "[{\"added\": {}}]"
    }
  },
  {
    "model": "admin.logentry",
    "pk": 30,
    "fields": {
      "action_time": "2025-06-03T12:08:45.663Z",
      "user": 1,
      "content_type": 6,
      "object_id": "18",
      "object_repr": "Космос | Карл Саган | Научно-популярная",
      "action_flag": 1,
      "change_message": "[{\"added\": {}}]"
    }
  },
  {
    "model": "admin.logentry",
    "pk": 31,
    "fields": {
      "action_time": "2025-06-03T12:09:30.421Z",
      "user": 1,
      "content_type": 6,
      "object_id": "19",
      "object_repr": "Гарри Поттер и философский камень | Дж. К. Роулинг | Детская литература",
      "action_flag": 1,
      "change_message": "[{\"added\": {}}]"
    }
  },
  {
    "model": "admin.logentry",
    "pk": 32,
    "fields": {
      "action_time": "2025-06-03T12:10:00.171Z",
      "user": 1,
      "content_type": 6,
      "object_id": "20",
      "object_repr": "Хроники Нарнии: Лев, колдунья и платяной шкаф | Клайв Стейплз Льюис | Детская литература",
      "action_flag": 1,
      "change_message": "[{\"added\": {}}]"
    }
  },
  {
    "model": "admin.logentry",
    "pk": 33,
    "fields": {
      "action_time": "2025-06-03T12:10:35.021Z",
      "user": 1,
      "content_type": 6,
      "object_id": "21",
      "object_repr": "Маленький принц | Антуан де Сент-Экзюпери | Детская литература",
      "action_flag": 1,
      "change_message": "[{\"added\": {}}]"
    }
  },
  {
    "model": "admin.logentry",
    "pk": 34,
    "fields": {
      "action_time": "2025-06-03T12:15:45.285Z",
      "user": 1,
      "content_type": 6,
      "object_id": "4",
      "object_repr": "Дюна | Фрэнк Герберт | Фантастика",
      "action_flag": 2,
      "change_message": "[{\"changed\": {\"fields\": [\"\\u0418\\u0437\\u043e\\u0431\\u0440\\u0430\\u0436\\u0435\\u043d\\u0438\\u0435\"]}}]"
    }
  },
  {
    "model": "admin.logentry",
    "pk": 35,
    "fields": {
      "action_time": "2025-06-03T13:00:11.890Z",
      "user": 1,
      "content_type": 6,
      "object_id": "5",
      "object_repr": "1984 | Джордж Оруэлл | Фантастика",
      "action_flag": 2,
      "change_message": "[{\"changed\": {\"fields\": [\"\\u0418\\u0437\\u043e\\u0431\\u0440\\u0430\\u0436\\u0435\\u043d\\u0438\\u0435\"]}}]"
    }
  },
  {
    "model": "admin.logentry",
    "pk": 36,
    "fields": {
      "action_time": "2025-06-03T13:00:47.154Z",
      "user": 1,
      "content_type": 6,
      "object_id": "6",
      "object_repr": "Автостопом по галактике | Дуглас Адамс | Фантастика",
      "action_flag": 2,
      "change_message": "[{\"changed\": {\"fields\": [\"\\u0418\\u0437\\u043e\\u0431\\u0440\\u0430\\u0436\\u0435\\u043d\\u0438\\u0435\"]}}]"
    }
  },
  {
    "model": "admin.logentry",
    "pk": 37,
    "fields": {
      "action_time": "2025-06-03T13:01:12.370Z",
      "user": 1,
      "content_type": 6,
      "object_id": "7",
      "object_repr": "Убийство в Восточном экспрессе | Агата Кристи | Детективы",
      "action_flag": 2,
      "change_message": "[{\"changed\": {\"fields\": [\"\\u0418\\u0437\\u043e\\u0431\\u0440\\u0430\\u0436\\u0435\\u043d\\u0438\\u0435\"]}}]"
    }
  },
  {
    "model": "admin.logentry",
    "pk": 38,
    "fields": {
      "action_time": "2025-06-03T13:01:46.116Z",
      "user": 1,
      "content_type": 6,
      "object_id": "8",
      "object_repr": "Шерлок Холмс: Этюд в багровых тонах | Артур Конан Дойл | Детективы",
      "action_flag": 2,
      "change_message": "[{\"changed\": {\"fields\": [\"\\u0418\\u0437\\u043e\\u0431\\u0440\\u0430\\u0436\\u0435\\u043d\\u0438\\u0435\"]}}]"
    }
  },
  {
    "model": "admin.logentry",
    "pk": 39,
    "fields": {
      "action_time": "2025-06-03T13:02:12.801Z",
      "user": 1,
      "content_type": 6,
      "object_id": "9",
      "object_repr": "Девушка с татуировкой дракона | Стиг Ларссон | Детективы",
      "action_flag": 2,
      "change_message": "[{\"changed\": {\"fields\": [\"\\u0418\\u0437\\u043e\\u0431\\u0440\\u0430\\u0436\\u0435\\u043d\\u0438\\u0435\"]}}]"
    }
  },
  {
    "model": "admin.logentry",
    "pk": 40,
    "fields": {
      "action_time": "2025-06-03T13:02:42.408Z",
      "user": 1,
      "content_type": 6,
      "object_id": "10",
      "object_repr": "Гордость и предубеждение | Джейн Остин | Классика",
      "action_flag": 2,
      "change_message": "[{\"changed\": {\"fields\": [\"\\u0418\\u0437\\u043e\\u0431\\u0440\\u0430\\u0436\\u0435\\u043d\\u0438\\u0435\"]}}]"
    }
  },
  {
    "model": "admin.logentry",
    "pk": 41,
    "fields": {
      "action_time": "2025-06-03T13:03:16.877Z",
      "user": 1,
      "content_type": 6,
      "object_id": "11",
      "object_repr": "Преступление и наказание | Фёдор Достоевский | Классика",
      "action_flag": 2,
      "change_message": "[{\"changed\": {\"fields\": [\"\\u0418\\u0437\\u043e\\u0431\\u0440\\u0430\\u0436\\u0435\\u043d\\u0438\\u0435\"]}}]"
    }
  },
  {
    "model": "admin.logentry",
    "pk": 42,
    "fields": {
      "action_time": "2025-06-03T13:04:06.946Z",
      "user": 1,
      "content_type": 6,
      "object_id": "12",
      "object_repr": "Великий Гэтсби | Фрэнсис Скотт Фицджеральд | Классика",
      "action_flag": 2,
      "change_message": "[{\"changed\": {\"fields\": [\"\\u0418\\u0437\\u043e\\u0431\\u0440\\u0430\\u0436\\u0435\\u043d\\u0438\\u0435\"]}}]"
    }
  },
  {
    "model": "admin.logentry",
    "pk": 43,
    "fields": {
      "action_time": "2025-06-03T13:04:45.691Z",
      "user": 1,
      "content_type": 6,
      "object_id": "13",
      "object_repr": "Маленькая жизнь | Ханья Янагихара | Современная проза",
      "action_flag": 2,
      "change_message": "[{\"changed\": {\"fields\": [\"\\u0418\\u0437\\u043e\\u0431\\u0440\\u0430\\u0436\\u0435\\u043d\\u0438\\u0435\"]}}]"
    }
  },
  {
    "model": "admin.logentry",
    "pk": 44,
    "fields": {
      "action_time": "2025-06-03T13:05:23.576Z",
      "user": 1,
      "content_type": 6,
      "object_id": "14",
      "object_repr": "Нормальные люди | Салли Руни | Современная проза",
      "action_flag": 2,
      "change_message": "[{\"changed\": {\"fields\": [\"\\u0418\\u0437\\u043e\\u0431\\u0440\\u0430\\u0436\\u0435\\u043d\\u0438\\u0435\"]}}]"
    }
  },
  {
    "model": "admin.logentry",
    "pk": 45,
    "fields": {
      "action_time": "2025-06-03T13:05:48.605Z",
      "user": 1,
      "content_type": 6,
      "object_id": "15",
      "object_repr": "Где раки поют | Делия Оуэнс | Современная проза",
      "action_flag": 2,
      "change_message": "[{\"changed\": {\"fields\": [\"\\u0418\\u0437\\u043e\\u0431\\u0440\\u0430\\u0436\\u0435\\u043d\\u0438\\u0435\"]}}]"
    }
  },
  {
    "model": "admin.logentry",
    "pk": 46,
    "fields": {
      "action_time": "2025-06-03T13:06:19.242Z",
      "user": 1,
      "content_type": 6,
      "object_id": "16",
      "object_repr": "Краткая история времени | Стивен Хокинг | Научно-популярная",
      "action_flag": 2,
      "change_message": "[{\"changed\": {\"fields\": [\"\\u0418\\u0437\\u043e\\u0431\\u0440\\u0430\\u0436\\u0435\\u043d\\u0438\\u0435\"]}}]"
    }
  },
  {
    "model": "admin.logentry",
    "pk": 47,
    "fields": {
      "action_time": "2025-06-03T13:06:52.917Z",
      "user": 1,
      "content_type": 6,
      "object_id": "17",
      "object_repr": "Сапиенс: Краткая история человечества | Юваль Ной Харари | Научно-популярная",
      "action_flag": 2,
      "change_message": "[{\"changed\": {\"fields\": [\"\\u0418\\u0437\\u043e\\u0431\\u0440\\u0430\\u0436\\u0435\\u043d\\u0438\\u0435\"]}}]"
    }
  },
  {
    "model": "admin.logentry",
    "pk": 48,
    "fields": {
      "action_time": "2025-06-03T13:07:28.802Z",
      "user": 1,
      "content_type": 6,
      "object_id": "18",
      "object_repr": "Космос | Карл Саган | Научно-популярная",
      "action_flag": 2,
      "change_message": "[{\"changed\": {\"fields\": [\"\\u0418\\u0437\\u043e\\u0431\\u0440\\u0430\\u0436\\u0435\\u043d\\u0438\\u0435\"]}}]"
    }
  },
  {
    "model": "admin.logentry",
    "pk": 49,
    "fields": {
      "action_time": "2025-06-03T13:07:51.596Z",
      "user": 1,
      "content_type": 6,
      "object_id": "19",
      "object_repr": "Гарри Поттер и философский камень | Дж. К. Роулинг | Детская литература",
      "action_flag": 2,
      "change_message": "[{\"changed\": {\"fields\": [\"\\u0418\\u0437\\u043e\\u0431\\u0440\\u0430\\u0436\\u0435\\u043d\\u0438\\u0435\"]}}]"
    }
  },
  {
    "model": "admin.logentry",
    "pk": 50,
    "fields": {
      "action_time": "2025-06-03T13:09:46.300Z",
      "user": 1,
      "content_type": 6,
      "object_id": "20",
      "object_repr": "Хроники Нарнии: Лев, колдунья и платяной шкаф | Клайв Стейплз Льюис | Детская литература",
      "action_flag": 2,
      "change_message": "[{\"changed\": {\"fields\": [\"\\u0418\\u0437\\u043e\\u0431\\u0440\\u0430\\u0436\\u0435\\u043d\\u0438\\u0435\"]}}]"
    }
  },
  {
    "model": "admin.logentry",
    "pk": 51,
    "fields": {
      "action_time": "2025-06-03T13:10:28.132Z",
      "user": 1,
      "content_type": 6,
      "object_id": "21",
      "object_repr": "Маленький принц | Антуан де Сент-Экзюпери | Детская литература",
      "action_flag": 2,
      "change_message": "[{\"changed\": {\"fields\": [\"\\u0418\\u0437\\u043e\\u0431\\u0440\\u0430\\u0436\\u0435\\u043d\\u0438\\u0435\"]}}]"
    }
  },
  {
    "model": "auth.permission",
    "pk": 1,
    "fields": {
      "name": "Can add log entry",
      "content_type": 1,
      "codename": "add_logentry"
    }
  },
  {
    "model": "auth.permission",
    "pk": 2,
    "fields": {
      "name": "Can change log entry",
      "content_type": 1,
      "codename": "change_logentry"
    }
  },
  {
    "model": "auth.permission",
    "pk": 3,
    "fields": {
      "name": "Can delete log entry",
      "content_type": 1,
      "codename": "delete_logentry"
    }
  },
  {
    "model": "auth.permission",
    "pk": 4,
    "fields": {
      "name": "Can view log entry",
      "content_type": 1,
      "codename": "view_logentry"
    }
  },
  {
    "model": "auth.permission",
    "pk": 5,
    "fields": {
      "name": "Can add permission",
      "content_type": 2,
      "codename": "add_permission"
    }
  },
  {
    "model": "auth.permission",
    "pk": 6,
    "fields": {
      "name": "Can change permission",
      "content_type": 2,
      "codename": "change_permission"
    }
  },
  {
    "model": "auth.permission",
    "pk": 7,
    "fields": {
      "name": "Can delete permission",
      "content_type": 2,
      "codename": "delete_permission"
    }
  },
  {
    "model": "auth.permission",
    "pk": 8,
    "fields": {
      "name": "Can view permission",
      "content_type": 2,
      "codename": "view_permission"
    }
  },
  {
    "model": "auth.permission",
    "pk": 9,
    "fields": {
      "name": "Can add group",
      "content_type": 3,
      "codename": "add_group"
    }
  },
  {
    "model": "auth.permission",
    "pk": 10,
    "fields": {
      "name": "Can change group",
      "content_type": 3,
      "codename": "change_group"
    }
  },
  {
    "model": "auth.permission",
    "pk": 11,
    "fields": {
      "name": "Can delete group",
      "content_type": 3,
      "codename": "delete_group"
    }
  },
  {
    "model": "auth.permission",
    "pk": 12,
    "fields": {
      "name": "Can view group",
      "content_type": 3,
      "codename": "view_group"
    }
  },
  {
    "model": "auth.permission",
    "pk": 13,
    "fields": {
      "name": "Can add content type",
      "content_type": 4,
      "codename": "add_contenttype"
    }
  },
  {
    "model": "auth.permission",
    "pk": 14,
    "fields": {
      "name": "Can change content type",
      "content_type": 4,
      "codename": "change_contenttype"
    }
  },
  {
    "model": "auth.permission",
    "pk": 15,
    "fields": {
      "name": "Can delete content type",
      "content_type": 4,
      "codename": "delete_contenttype"
    }
  },
  {
    "model": "auth.permission",
    "pk": 16,
    "fields": {
      "name": "Can view content type",
      "content_type": 4,
      "codename": "view_contenttype"
    }
  },
  {
    "model": "auth.permission",
    "pk": 17,
    "fields": {
      "name": "Can add session",
      "content_type": 5,
      "codename": "add_session"
    }
  },
  {
    "model": "auth.permission",
    "pk": 18,
    "fields": {
      "name": "Can change session",
      "content_type": 5,
      "codename": "change_session"
    }
  },
  {
    "model": "auth.permission",
    "pk": 19,
    "fields": {
      "name": "Can delete session",
      "content_type": 5,
      "codename": "delete_session"
    }
  },
  {
    "model": "auth.permission",
    "pk": 20,
    "fields": {
      "name": "Can view session",
      "content_type": 5,
      "codename": "view_session"
    }
  },
  {
    "model": "auth.permission",
    "pk": 21,
    "fields": {
      "name": "Can add product",
      "content_type": 6,
      "codename": "add_product"
    }
  },
  {
    "model": "auth.permission",
    "pk": 22,
    "fields": {
      "name": "Can change product",
      "content_type": 6,
      "codename": "change_product"
    }
  },
  {
    "model": "auth.permission",
    "pk": 23,
    "fields": {
      "name": "Can delete product",
      "content_type": 6,
      "codename": "delete_product"
    }
  },
  {
    "model": "auth.permission",
    "pk": 24,
    "fields": {
      "name": "Can view product",
      "content_type": 6,
      "codename": "view_product"
    }
  },
  {
    "model": "auth.permission",
    "pk": 25,
    "fields": {
      "name": "Can add product category",
      "content_type": 7,
      "codename": "add_productcategory"
    }
  },
  {
    "model": "auth.permission",
    "pk": 26,
    "fields": {
      "name": "Can change product category",
      "content_type": 7,
      "codename": "change_productcategory"
    }
  },
  {
    "model": "auth.permission",
    "pk": 27,
    "fields": {
      "name": "Can delete product category",
      "content_type": 7,
      "codename": "delete_productcategory"
    }
  },
  {
    "model": "auth.permission",
    "pk": 28,
    "fields": {
      "name": "Can view product category",
      "content_type": 7,
      "codename": "view_productcategory"
    }
  },
  {
    "model": "auth.permission",
    "pk": 29,
    "fields": {
      "name": "Can add basket",
      "content_type": 8,
      "codename": "add_basket"
    }
  },
  {
    "model": "auth.permission",
    "pk": 30,
    "fields": {
      "name": "Can change basket",
      "content_type": 8,
      "codename": "change_basket"
    }
  },
  {
    "model": "auth.permission",
    "pk": 31,
    "fields": {
      "name": "Can delete basket",
      "content_type": 8,
      "codename": "delete_basket"
    }
  },
  {
    "model": "auth.permission",
    "pk": 32,
    "fields": {
      "name": "Can view basket",
      "content_type": 8,
      "codename": "view_basket"
    }
  },
  {
    "model": "auth.permission",
    "pk": 33,
    "fields": {
      "name": "Can add user",
      "content_type": 9,
      "codename": "add_user"
    }
  },
  {
    "model": "auth.permission",
    "pk": 34,
    "fields": {
      "name": "Can change user",
      "content_type": 9,
      "codename": "change_user"
    }
  },
  {
    "model": "auth.permission",
    "pk": 35,
    "fields": {
      "name": "Can delete user",
      "content_type": 9,
      "codename": "delete_user"
    }
  },
  {
    "model": "auth.permission",
    "pk": 36,
    "fields": {
      "name": "Can view user",
      "content_type": 9,
      "codename": "view_user"
    }
  },
  {
    "model": "contenttypes.contenttype",
    "pk": 1,
    "fields": {
      "app_label": "admin",
      "model": "logentry"
    }
  },
  {
    "model": "contenttypes.contenttype",
    "pk": 2,
    "fields": {
      "app_label": "auth",
      "model": "permission"
    }
  },
  {
    "model": "contenttypes.contenttype",
    "pk": 3,
    "fields": {
      "app_label": "auth",
      "model": "group"
    }
  },
  {
    "model": "contenttypes.contenttype",
    "pk": 4,
    "fields": {
      "app_label": "contenttypes",
      "model": "contenttype"
    }
  },
  {
    "model": "contenttypes.contenttype",
    "pk": 5,
    "fields": {
      "app_label": "sessions",
      "model": "session"
    }
  },
  {
    "model": "contenttypes.contenttype",
    "pk": 6,
    "fields": {
      "app_label": "products",
      "model": "product"
    }
  },
  {
    "model": "contenttypes.contenttype",
    "pk": 7,
    "fields": {
      "app_label": "products",
      "model": "productcategory"
    }
  },
  {
    "model": "contenttypes.contenttype",
    "pk": 8,
    "fields": {
      "app_label": "products",
      "model": "basket"
    }
  },
  {
    "model": "contenttypes.contenttype",
    "pk": 9,
    "fields": {
      "app_label": "users",
      "model": "user"
    }
  },
  {
    "model": "products.productcategory",
    "pk": 4,
    "fields": {
      "name": "Фантастика",
      "description": ""
    }
  },
  {
    "model": "products.productcategory",
    "pk": 5,
    "fields": {
      "name": "Детективы",
      "description": ""
    }
  },
  {
    "model": "products.productcategory",
    "pk": 6,
    "fields": {
      "name": "Классика",
      "description": ""
    }
  },
  {
    "model": "products.productcategory",
    "pk": 7,
    "fields": {
      "name": "Современная проза",
      "description": ""
    }
  },
  {
    "model": "products.productcategory",
    "pk": 8,
    "fields": {
      "name": "Научно-популярная",
      "description": ""
    }
  },
  {
    "model": "products.productcategory",
    "pk": 9,
    "fields": {
      "name": "Детская литература",
      "description": ""
    }
  },
  {
    "model": "products.product",
    "pk": 4,
    "fields": {
      "name": "Дюна",
      "author": "Фрэнк Герберт",
      "genre": "Фантастика",
      "isbn": "9780441172719",
      "image": "books/1.webp",
      "description": "Эпическая сага о пустынной планете Арракис, где добывают ценное вещество — пряность. Молодой Пол Атрейдес сталкивается с интригами, предательством и своей судьбой, чтобы стать мессией.",
      "short_description": "Эпическая сага о пустынной планете Арракис.",
      "price": "1199.00",
      "category": 4,
      "created_at": "2025-06-03T12:00:23.429Z"
    }
  },
  {
    "model": "products.product",
    "pk": 5,
    "fields": {
      "name": "1984",
      "author": "Джордж Оруэлл",
      "genre": "Фантастика",
      "isbn": "9780451524935",
      "image": "books/2.webp",
      "description": "Антиутопия о тоталитарном обществе, где Большой Брат следит за каждым шагом. Уинстон Смит пытается сохранить свою человечность в мире лжи и контроля.",
      "short_description": "Антиутопия о тоталитарном обществе.",
      "price": "599.00",
      "category": 4,
      "created_at": "2025-06-03T12:01:01.181Z"
    }
  },
  {
    "model": "products.product",
    "pk": 6,
    "fields": {
      "name": "Автостопом по галактике",
      "author": "Дуглас Адамс",
      "genre": "Фантастика",
      "isbn": "9780345391803",
      "image": "books/3.webp",
      "description": "Юмористическая фантастика о приключениях Артура Дента, который узнает, что Земля будет уничтожена для строительства галактической трассы.",
      "short_description": "Юмористическая фантастика о галактике.",
      "price": "999.00",
      "category": 4,
      "created_at": "2025-06-03T12:02:23.866Z"
    }
  },
  {
    "model": "products.product",
    "pk": 7,
    "fields": {
      "name": "Убийство в Восточном экспрессе",
      "author": "Агата Кристи",
      "genre": "Детективы",
      "isbn": "9780062073501",
      "image": "books/4.webp",
      "description": "Эркюль Пуаро расследует убийство в роскошном поезде, где каждый пассажир оказывается под подозрением.",
      "short_description": "Эркюль Пуаро расследует убийство в поезде.",
      "price": "499.00",
      "category": 5,
      "created_at": "2025-06-03T12:03:04.600Z"
    }
  },
  {
    "model": "products.product",
    "pk": 8,
    "fields": {
      "name": "Шерлок Холмс: Этюд в багровых тонах",
      "author": "Артур Конан Дойл",
      "genre": "Детективы",
      "isbn": "9780140439083",
      "image": "books/5.webp",
      "description": "Первое дело Шерлока Холмса, где он знакомится с доктором Ватсоном и расследует загадочное убийство в Лондоне.",
      "short_description": "Первое дело Шерлока Холмса в Лондоне.",
      "price": "699.00",
      "category": 5,
      "created_at": "2025-06-03T12:03:47.600Z"
    }
  },
  {
    "model": "products.product",
    "pk": 9,
    "fields": {
      "name": "Девушка с татуировкой дракона",
      "author": "Стиг Ларссон",
      "genre": "Детективы",
      "isbn": "9780307454546",
      "image": "books/6.webp",
      "description": "Журналист Микаэль Блумквист и хакер Лисбет Саландер расследуют исчезновение девушки из богатой семьи.",
      "short_description": "Расследование исчезновения девушки.",
      "price": "849.00",
      "category": 5,
      "created_at": "2025-06-03T12:04:20.601Z"
    }
  },
  {
    "model": "products.product",
    "pk": 10,
    "fields": {
      "name": "Гордость и предубеждение",
      "author": "Джейн Остин",
      "genre": "Классика",
      "isbn": "9780141439518",
      "image": "books/7.webp",
      "description": "Роман о любви Элизабет Беннет и мистера Дарси, преодолевающих социальные предрассудки и личные недостатки.",
      "short_description": "Любовь Элизабет и Дарси в Англии 19 века.",
      "price": "499.00",
      "category": 6,
      "created_at": "2025-06-03T12:04:47.377Z"
    }
  },
  {
    "model": "products.product",
    "pk": 11,
    "fields": {
      "name": "Преступление и наказание",
      "author": "Фёдор Достоевский",
      "genre": "Классика",
      "isbn": "9780140449136",
      "image": "books/8.webp",
      "description": "Раскольников, бедный студент, совершает убийство и сталкивается с муками совести и моральными вопросами.",
      "short_description": "Раскольников и его муки совести.",
      "price": "399.00",
      "category": 6,
      "created_at": "2025-06-03T12:05:15.009Z"
    }
  },
  {
    "model": "products.product",
    "pk": 12,
    "fields": {
      "name": "Великий Гэтсби",
      "author": "Фрэнсис Скотт Фицджеральд",
      "genre": "Классика",
      "isbn": "9780743273565",
      "image": "books/9.webp",
      "description": "История о роскоши, любви и трагедии Джея Гэтсби в Америке 1920-х годов.",
      "short_description": "Любовь и трагедия Гэтсби в 1920-х.",
      "price": "449.00",
      "category": 6,
      "created_at": "2025-06-03T12:05:46.310Z"
    }
  },
  {
    "model": "products.product",
    "pk": 13,
    "fields": {
      "name": "Маленькая жизнь",
      "author": "Ханья Янагихара",
      "genre": "Современная проза",
      "isbn": "9780385539258",
      "image": "books/10.webp",
      "description": "История о дружбе, травмах и жизни четырех друзей в Нью-Йорке.",
      "short_description": "Дружба и травмы в Нью-Йорке.",
      "price": "649.00",
      "category": 7,
      "created_at": "2025-06-03T12:06:16.659Z"
    }
  },
  {
    "model": "products.product",
    "pk": 14,
    "fields": {
      "name": "Нормальные люди",
      "author": "Салли Руни",
      "genre": "Современная проза",
      "isbn": "9781984822178",
      "image": "books/11.webp",
      "description": "История сложных отношений Коннелла и Марианны, от школы до университета.",
      "short_description": "Отношения Коннелла и Марианны.",
      "price": "749.00",
      "category": 7,
      "created_at": "2025-06-03T12:06:46.969Z"
    }
  },
  {
    "model": "products.product",
    "pk": 15,
    "fields": {
      "name": "Где раки поют",
      "author": "Делия Оуэнс",
      "genre": "Современная проза",
      "isbn": "9780735219090",
      "image": "books/12.webp",
      "description": "История Кии Кларк, \"болотной девушки\", и загадочного убийства в Северной Каролине.",
      "short_description": "История Кии и убийства в болотах.",
      "price": "899.00",
      "category": 7,
      "created_at": "2025-06-03T12:07:15.173Z"
    }
  },
  {
    "model": "products.product",
    "pk": 16,
    "fields": {
      "name": "Краткая история времени",
      "author": "Стивен Хокинг",
      "genre": "Научно-популярная",
      "isbn": "9780553380163",
      "image": "books/13.webp",
      "description": "Книга о происхождении Вселенной, черных дырах и природе времени.",
      "short_description": "О Вселенной и черных дырах.",
      "price": "799.00",
      "category": 8,
      "created_at": "2025-06-03T12:07:47.606Z"
    }
  },
  {
    "model": "products.product",
    "pk": 17,
    "fields": {
      "name": "Сапиенс: Краткая история человечества",
      "author": "Юваль Ной Харари",
      "genre": "Научно-популярная",
      "isbn": "9780062316097",
      "image": "books/14.webp",
      "description": "История человечества от каменного века до современности.",
      "short_description": "История человечества от Харари.",
      "price": "1599.00",
      "category": 8,
      "created_at": "2025-06-03T12:08:22.915Z"
    }
  },
  {
    "model": "products.product",
    "pk": 18,
    "fields": {
      "name": "Космос",
      "author": "Карл Саган",
      "genre": "Научно-популярная",
      "isbn": "9780345539434",
      "image": "books/15.webp",
      "description": "Путешествие по Вселенной, от зарождения звезд до поисков внеземной жизни.",
      "short_description": "Путешествие по Вселенной с Саганом.",
      "price": "1349.00",
      "category": 8,
      "created_at": "2025-06-03T12:08:45.661Z"
    }
  },
  {
    "model": "products.product",
    "pk": 19,
    "fields": {
      "name": "Гарри Поттер и философский камень",
      "author": "Дж. К. Роулинг",
      "genre": "Детская литература",
      "isbn": "9780590353403",
      "image": "books/16.webp",
      "description": "Первая книга о юном волшебнике Гарри Поттере, который узнает о своем магическом наследии.",
      "short_description": "Первое приключение Гарри Поттера.",
      "price": "799.00",
      "category": 9,
      "created_at": "2025-06-03T12:09:30.418Z"
    }
  },
  {
    "model": "products.product",
    "pk": 20,
    "fields": {
      "name": "Хроники Нарнии: Лев, колдунья и платяной шкаф",
      "author": "Клайв Стейплз Льюис",
      "genre": "Детская литература",
      "isbn": "9780064404990",
      "image": "books/17.webp",
      "description": "Дети попадают в волшебную страну Нарнию через шкаф, где их ждут приключения и битва со злой колдуньей.",
      "short_description": "Приключения в Нарнии через шкаф.",
      "price": "699.00",
      "category": 9,
      "created_at": "2025-06-03T12:10:00.168Z"
    }
  },
  {
    "model": "products.product",
    "pk": 21,
    "fields": {
      "name": "Маленький принц",
      "author": "Антуан де Сент-Экзюпери",
      "genre": "Детская литература",
      "isbn": "9780156012195",
      "image": "books/18.webp",
      "description": "Философская сказка о дружбе, любви и смысле жизни через путешествия Маленького принца.",
      "short_description": "Философская сказка о дружбе.",
      "price": "499.00",
      "category": 9,
      "created_at": "2025-06-03T12:10:35.018Z"
    }
  },
  {
    "model": "products.basket",
    "pk": 7,
    "fields": {
      "user": 1,
      "product": 4,
      "quantity": 2,
      "created_timestamp": "2025-06-03T12:12:39.416Z"
    }
  },
  {
    "model": "products.basket",
    "pk": 8,
    "fields": {
      "user": 1,
      "product": 5,
      "quantity": 5,
      "created_timestamp": "2025-06-03T12:12:39.932Z"
    }
  },
  {
    "model": "products.basket",
    "pk": 9,
    "fields": {
      "user": 1,
      "product": 6,
      "quantity": 1,
      "created_timestamp": "2025-06-03T13:20:38.194Z"
    }
  },
  {
    "model": "users.user",
    "pk": 1,
    "fields": {
      "password": "pbkdf2_sha256$870000$7dZusphX4dvU3B2ORFcITY$Jk6Jd3AJODYLbyU5S3ZrZ3Rq3gY8pRB04FO6WaGeS6Q=",
      "last_login": "2025-06-03T11:54:54.351Z",
      "is_superuser": true,
      "username": "admin22",
      "first_name": "",
      "last_name": "",
      "email": "",
      "is_staff": true,
      "is_active": true,
      "date_joined": "2025-06-03T08:34:23.700Z",
      "image": "",
      "groups": [],
      "user_permissions": []
    }
  },
  {
    "model": "users.user",
    "pk": 2,
    "fields": {
      "password": "pbkdf2_sha256$870000$LPDi8fgQ3o6TLsFnQ0Y9k1$SZskYtK8qY7iZrgugdpikD0ScfuJKbNNnNRgcioMf08=",
      "last_login": "2025-06-03T11:20:09.374Z",
      "is_superuser": false,
      "username": "userguest",
      "first_name": "User",
      "last_name": "norm",
      "email": "mail@mail.ru",
      "is_staff": false,
      "is_active": true,
      "date_joined": "2025-06-03T11:19:54.773Z",
      "image": "",
      "groups": [],
      "user_permissions": []
    }
  }
]